{
  "stepMinutes": 30,
  "results": {
    "Sun": {
      "samples": 144,
      "maxError": 1.0840949471457861e-8,
      "rmsError": 6.569729285019886e-9,
      "signMismatches": 0
    },
    "Moon": {
      "samples": 144,
      "maxError": 1.896626145025948e-7,
      "rmsError": 1.013684017987331e-7,
      "signMismatches": 0
    },
    "Mercury": {
      "samples": 144,
      "maxError": 1.793773662939202e-8,
      "rmsError": 1.0206443235830942e-8,
      "signMismatches": 0
    },
    "Venus": {
      "samples": 144,
      "maxError": 1.4649003787781112e-8,
      "rmsError": 8.361898033983845e-9,
      "signMismatches": 0
    },
    "Mars": {
      "samples": 144,
      "maxError": 8.167148735083174e-9,
      "rmsError": 4.948589404650871e-9,
      "signMismatches": 0
    },
    "Jupiter": {
      "samples": 144,
      "maxError": 1.397779669787269e-9,
      "rmsError": 8.673544738727002e-10,
      "signMismatches": 0
    },
    "Saturn": {
      "samples": 144,
      "maxError": 6.632490112679079e-10,
      "rmsError": 4.0070698705389744e-10,
      "signMismatches": 0
    }
  }
}