{
  "stepMinutes": 15,
  "results": {
    "Sun": {
      "samples": 288,
      "maxError": 1.0840949471457861e-8,
      "rmsError": 6.582545428183821e-9,
      "signMismatches": 0
    },
    "Moon": {
      "samples": 288,
      "maxError": 1.8970433757203864e-7,
      "rmsError": 1.0128369620595303e-7,
      "signMismatches": 0
    },
    "Mercury": {
      "samples": 288,
      "maxError": 1.793773662939202e-8,
      "rmsError": 1.0232353597971563e-8,
      "signMismatches": 0
    },
    "Venus": {
      "samples": 288,
      "maxError": 1.4649003787781112e-8,
      "rmsError": 8.382933422222975e-9,
      "signMismatches": 0
    },
    "Mars": {
      "samples": 288,
      "maxError": 8.167148735083174e-9,
      "rmsError": 4.958342655081277e-9,
      "signMismatches": 0
    },
    "Jupiter": {
      "samples": 288,
      "maxError": 1.397779669787269e-9,
      "rmsError": 8.677116558654657e-10,
      "signMismatches": 0
    },
    "Saturn": {
      "samples": 288,
      "maxError": 6.635900717810728e-10,
      "rmsError": 4.008216134452807e-10,
      "signMismatches": 0
    }
  }
}