{"version":"chart-ephem-v0","epochUnixMs":1767225600000,"rangeStartUnixMs":1767225600000,"rangeEndUnixMs":1767484799999,"series":{"Sun":{"planet":"Sun","config":{"blockDays":16,"order":8},"blocks":[{"startUnixMs":1767225600000,"endUnixMs":1767484799999,"coeffs":[282.0969953664225,1.5283118530011406,-0.0000033303386115019544,1.306354609672174e-8,1.820129429890787e-8,-1.6850410449680768e-9,3.410605131648481e-12,8.959185985683386e-10,-7.310695259042808e-13]}]},"Moon":{"planet":"Moon","config":{"blockDays":1,"order":12},"blocks":[{"startUnixMs":1767225600000,"endUnixMs":1767312000000,"coeffs":[74.23096317166073,7.519703331646095,0.004612275182598051,-0.0008310196001756455,-0.000007327141139293977,4.4192069135708436e-7,-7.452371164617944e-9,1.927910139224528e-10,1.338944217038191e-8,-5.685254660210586e-9,-1.3307354261262215e-8,7.638193967916497e-8,1.348877850441218e-8]},{"startUnixMs":1767312000000,"endUnixMs":1767398400000,"coeffs":[89.27475031306619,7.515430832929993,-0.005752500820302832,-0.0008719679706639629,0.000002416164022633893,4.977603461716521e-7,-1.4895539161093788e-8,1.453081757482813e-10,1.3389646588061275e-8,-5.6807935449726825e-9,-1.3504953463220424e-8,7.634001301189878e-8,1.3279248470063557e-8]},{"startUnixMs":1767398400000,"endUnixMs":1767484799999,"coeffs":[104.22740441981169,7.428945514393726,-0.01566837349206524,-0.0007579795699454141,0.000011460292855557642,3.827534271749755e-7,-8.0841201766956e-9,8.901145939979381e-9,-2.0833768898088378e-10,4.366785224017524e-8,-1.864890464275959e-10,1.6131320552841108e-9,-3.006142343600424e-12]}]},"Mercury":{"planet":"Mercury","config":{"blockDays":4,"order":10},"blocks":[{"startUnixMs":1767225600000,"endUnixMs":1767484799999,"coeffs":[270.9491822026331,2.3012391512796015,0.003353059552864579,0.00000892964291407142,8.840108669325921e-7,-4.560951083476539e-8,1.542151618526656e-9,1.7620684709320565e-9,-1.3668258444257928e-11,-5.624196381342534e-9,-1.5079008748712525e-11]}]},"Venus":{"planet":"Venus","config":{"blockDays":4,"order":10},"blocks":[{"startUnixMs":1767225600000,"endUnixMs":1767484799999,"coeffs":[281.0945065879227,1.8873522863384964,-0.00003073748372240847,-1.9411595530982595e-7,5.179737689269876e-9,3.981349230095723e-9,1.5197863169966943e-11,1.3854446478944737e-9,2.5837917664003645e-14,-4.613910546554094e-9,-7.286292781249027e-13]}]},"Mars":{"planet":"Mars","config":{"blockDays":12,"order":8},"blocks":[{"startUnixMs":1767225600000,"endUnixMs":1767484799999,"coeffs":[283.83897063678666,1.1510263740123037,0.00037067619473418745,-0.0000010878357620135323,3.874624275744686e-9,8.106755760511279e-10,9.777068044058979e-12,6.711944580375631e-10,3.631662871662734e-13]}]},"Jupiter":{"planet":"Jupiter","config":{"blockDays":24,"order":6},"blocks":[{"startUnixMs":1767225600000,"endUnixMs":1767484799999,"coeffs":[111.15947968238103,-0.19771464987392,-0.0004347872057093939,0.00001250600505337778,3.151809226307835e-9,6.2483098060641035e-9,4.257064542148977e-11]}]},"Saturn":{"planet":"Saturn","config":{"blockDays":32,"order":6},"blocks":[{"startUnixMs":1767225600000,"endUnixMs":1767484799999,"coeffs":[356.2551536070344,0.09092440120178122,0.0008569562421598675,-0.000002891334296301855,4.511848926215732e-9,4.758679291886177e-9,-1.072716518787534e-11]}]}}}